check,owner,status,evidence
Agency purchasing authority,Purchasing,Unverified,
Applicable goods or professional-services category,Purchasing,Unverified,
Actual competed solicitation and award,Purchasing,Unverified,
Participating-agency eligibility,Purchasing,Unverified,
Award scope matches requested service,Purchasing,Unverified,
Current contract term and extension authority,Purchasing,Unverified,
Published awarded pricing and administrative charges,Purchasing,Unverified,
Participation or piggyback terms,Purchasing,Unverified,
Agency counsel review,Legal,Unverified,
Budget and funding-source approval,Finance,Unverified,
Insurance and security requirements,IT and Risk,Unverified,
Executed agency-specific order,Authorized signatory,Unverified,
