month,new_logos,churned_logos,ending_logos,ending_mrr_usd,ending_arr_usd,trailing_12m_nrr_percent,baseline_service_revenue_usd,modeled_contribution_usd,acquisition_cost_usd,fixed_operating_cost_usd,modeled_operating_result_usd
1,1,0,1,1500.0,18000.0,,7500,5250.0,6000,25000,-25750.0
2,1,0,2,3015.0,36180.0,,7500,6386.25,6000,25000,-24613.75
3,1,0,3,4545.15,54541.8,,7500,7533.86,6000,25000,-23466.14
4,2,0,5,7590.6,91087.22,,15000,13942.95,12000,25000,-23057.05
5,2,0,7,10666.51,127998.09,,15000,16249.88,12000,25000,-20750.12
6,2,0,9,13773.17,165278.07,,15000,18579.88,12000,25000,-18420.12
7,3,0,12,18410.9,220930.85,,22500,26183.18,18000,25000,-16816.82
8,3,0,15,23095.01,277140.16,,22500,29696.26,18000,25000,-13303.74
9,3,0,18,27825.96,333911.56,,22500,33244.47,18000,25000,-9755.53
10,4,0,22,34104.22,409250.68,,30000,42078.17,24000,25000,-6921.83
11,4,0,26,40445.27,485343.18,,30000,46833.95,24000,25000,-2166.05
12,4,1,29,45176.22,542114.59,,30000,50382.16,24000,25000,1382.16
13,5,0,34,53127.98,637535.73,0.0,37500,60470.98,30000,40000,-9529.02
14,5,0,39,61159.26,733911.09,56.06,37500,66494.44,30000,40000,-3505.56
15,5,0,44,69270.85,831250.2,74.75,37500,72578.14,30000,40000,2578.14
16,6,0,50,78963.56,947562.7,89.74,45000,83972.67,36000,40000,7972.67
17,6,0,56,88753.19,1065038.33,96.19,45000,91314.9,36000,40000,15314.9
18,6,1,61,96881.86,1162582.3,87.01,45000,97411.39,36000,40000,21411.39
19,7,0,68,108350.68,1300208.12,93.29,52500,110138.01,42000,40000,28138.01
20,7,0,75,119934.18,1439210.2,97.07,52500,118825.64,42000,40000,36825.64
21,7,0,82,131633.53,1579602.3,99.59,52500,127600.14,42000,40000,45600.14
22,8,0,90,144949.86,1739398.33,101.9,60000,141712.4,48000,40000,53712.4
23,8,0,98,158399.36,1900792.31,103.5,60000,151799.52,48000,40000,63799.52
24,8,1,105,170134.76,2041617.18,104.46,60000,160601.07,48000,40000,72601.07
